{"loss": 0.39932042360305786, "_timestamp": 1732440851.6751847, "_runtime": 528.925452709198, "_step": 11, "_wandb": {"runtime": 549}}