{"_step":11,"loss":0.3001985549926758,"_timestamp":1.734529206867434e+09,"_wandb":{"runtime":405},"_runtime":368.124162451}