{"loss": 0.43730613589286804, "_timestamp": 1732171907.8189428, "_runtime": 16.097627878189087, "_step": 0}