{"_wandb":{"runtime":1257},"_runtime":1222.908431449,"_step":39,"loss":0.34834274649620056,"_timestamp":1.7345167909457777e+09}