{"loss":0.3917880356311798,"_timestamp":1.7325914079187238e+09,"_wandb":{"runtime":211},"_runtime":192.907073911,"_step":11}