{"loss": 0.28529444336891174, "_timestamp": 1732529548.6691637, "_runtime": 130.4145426750183, "_step": 11, "_wandb": {"runtime": 142}}