{"loss":0.3045569062232971,"_timestamp":1.7346636840918746e+09,"_runtime":402.550755322,"_wandb":{"runtime":438},"_step":11}