{"_timestamp":1.7345243019103053e+09,"_wandb":{"runtime":1268},"_runtime":1232.69078101,"_step":39,"loss":0.34840333461761475}