{"loss": 0.28243738412857056, "_timestamp": 1731313050.2003329, "_runtime": 619.9588708877563, "_step": 59, "_wandb": {"runtime": 658}}