{"loss": 0.3910466134548187, "_timestamp": 1730773218.4348495, "_runtime": 48.70438361167908, "_step": 4}