{"loss": 0.29493775963783264, "_timestamp": 1731922497.3131433, "_runtime": 868.4100592136383, "_step": 59, "_wandb": {"runtime": 925}}