{"loss":0.3249354958534241,"_timestamp":1.7326759764849539e+09,"_runtime":936.508429989,"_step":59,"_wandb":{"runtime":983}}