{"loss": 0.285277783870697, "_timestamp": 1732528657.8404806, "_runtime": 503.7558195590973, "_step": 11, "_wandb": {"runtime": 530}}