{"loss":0.3047192096710205,"_timestamp":1.734528021949128e+09,"_runtime":486.023092056,"_wandb":{"runtime":529},"_step":11}