{"_runtime":159.216054049,"_step":11,"_wandb":{"runtime":173},"loss":0.32890334725379944,"_timestamp":1.7327797316626256e+09}