{"loss": 0.3951842188835144, "_timestamp": 1731903379.383384, "_runtime": 924.2891700267792, "_step": 59, "_wandb": {"runtime": 979}}