{"_step":199,"loss":0.2309381365776062,"_timestamp":1.7344939379282284e+09,"_runtime":4696.545708132,"_wandb":{"runtime":4801}}