{"_runtime":401.339417142,"_step":11,"_wandb":{"runtime":436},"loss":0.2229166328907013,"_timestamp":1.7346659454782555e+09}