{"_runtime":988.457097194,"_step":39,"loss":0.4706089496612549,"_timestamp":1.7343559538399754e+09,"_wandb":{"runtime":1018}}