{"_step":39,"loss":0.4334184527397156,"_wandb":{"runtime":1327},"_timestamp":1.734512799738261e+09,"_runtime":1292.484930962}