{"_runtime":321.193553921,"_step":11,"loss":0.4326286315917969,"_wandb":{"runtime":352},"_timestamp":1.732805195945731e+09}