{"loss": 0.45367687940597534, "_timestamp": 1732530018.318486, "_runtime": 199.70621490478516, "_step": 11, "_wandb": {"runtime": 217}}