{"_wandb":{"runtime":689},"loss":0.3283238112926483,"_timestamp":1.7346626209850736e+09,"_runtime":626.996407784,"_step":11}