{"_timestamp":1.7343549159212122e+09,"_runtime":1028.148631518,"_step":39,"_wandb":{"runtime":1060},"loss":0.38623082637786865}