{"loss": 0.29923102259635925, "_timestamp": 1729217888.4481165, "_runtime": 81.97817254066467, "_step": 9, "_wandb": {"runtime": 95}}