{"loss": 0.3448481857776642, "_timestamp": 1731314424.7904575, "_runtime": 770.0929794311523, "_step": 59, "_wandb": {"runtime": 814}}