{"_runtime":4695.38687282,"_step":199,"loss":0.29206588864326477,"_timestamp":1.7344891042139385e+09,"_wandb":{"runtime":4800}}