{"loss": 0.39902228116989136, "_timestamp": 1732526505.6265013, "_runtime": 261.24536633491516, "_step": 11, "_wandb": {"runtime": 312}}