{"_step":11,"_wandb":{"runtime":217},"loss":0.39081069827079773,"_timestamp":1.7325896440577052e+09,"_runtime":200.542027959}