{"loss": 0.3032602369785309, "_timestamp": 1731912828.0234497, "_runtime": 68.6982216835022, "_step": 5}