{"_wandb":{"runtime":181},"loss":0.3560831844806671,"_timestamp":1.7346122645698593e+09,"_runtime":166.053215594,"_step":11}