{"loss": 0.3491985499858856, "_timestamp": 1731552607.2014124, "_runtime": 284.82615637779236, "_step": 22}