{"loss":0.5439638495445251,"_timestamp":1.7343570359447966e+09,"_runtime":938.691016963,"_step":39,"_wandb":{"runtime":964}}