{"loss": 0.3348166346549988, "_timestamp": 1732440086.8337312, "_runtime": 1944.0200550556183, "_step": 59, "_wandb": {"runtime": 2053}}