{"loss":0.4312489926815033,"_timestamp":1.7327848909005492e+09,"_runtime":305.343600254,"_step":11,"_wandb":{"runtime":335}}