{"loss": 0.08968984335660934, "_timestamp": 1732179736.8024092, "_runtime": 5489.28498506546, "_step": 59, "_wandb": {"runtime": 5661}}