{"_runtime":4685.368455852,"_step":199,"_wandb":{"runtime":4786},"loss":0.36328133940696716,"_timestamp":1.7344411580947814e+09}