{"loss": 0.2978976368904114, "_timestamp": 1729218716.0288384, "_runtime": 82.17059350013733, "_step": 9, "_wandb": {"runtime": 94}}