{"loss": 0.3499550521373749, "_timestamp": 1731381721.3397036, "_runtime": 766.6479644775391, "_step": 59, "_wandb": {"runtime": 810}}