{"_step":11,"loss":0.4261559545993805,"_timestamp":1.7325911455738518e+09,"_runtime":197.472707099,"_wandb":{"runtime":214}}