{"_timestamp":1.7345202153753414e+09,"_runtime":491.842416567,"_step":39,"_wandb":{"runtime":507},"loss":0.37588900327682495}