{"_timestamp":1.7346597996767292e+09,"_runtime":165.168927208,"_step":11,"_wandb":{"runtime":180},"loss":0.3604564368724823}