{"_timestamp":1.7345111800964699e+09,"_runtime":1300.005448463,"_step":39,"loss":0.38035106658935547,"_wandb":{"runtime":1339}}