{"loss": 0.2313108891248703, "_timestamp": 1731984903.2404644, "_runtime": 921.2209663391113, "_step": 59, "_wandb": {"runtime": 978}}