{"_step":59,"loss":0.3092833161354065,"_wandb":{"runtime":795},"_timestamp":1.7326282977933018e+09,"_runtime":750.496048244}