{"_timestamp":1.7327986767748957e+09,"_runtime":1905.775202685,"_step":59,"_wandb":{"runtime":2025},"loss":0.3093574047088623}