{"loss": 0.3184960186481476, "_timestamp": 1732539094.734988, "_runtime": 6226.312223911285, "_step": 34}