{"_wandb":{"runtime":667},"loss":0.23883415758609772,"_timestamp":1.7328037914919221e+09,"_runtime":630.295045386,"_step":59}