{"_wandb":{"runtime":212},"_timestamp":1.7325898858036742e+09,"_runtime":194.827698529,"_step":11,"loss":0.39854395389556885}