{"_wandb":{"runtime":696},"loss":0.42655491828918457,"_timestamp":1.7325422623023527e+09,"_runtime":679.381244023,"_step":39}