{"_wandb":{"runtime":4511},"_runtime":4415.759585252,"_step":199,"loss":0.4251331388950348,"_timestamp":1.7344335019881194e+09}