{"_runtime":4410.153374396,"_step":199,"_wandb":{"runtime":4506},"loss":0.2841285169124603,"_timestamp":1.7344458867463055e+09}