{"loss": 0.29594534635543823, "_timestamp": 1729216926.3289385, "_runtime": 88.92498660087585, "_step": 9, "_wandb": {"runtime": 102}}