{"_runtime":195.815684005,"_step":11,"_wandb":{"runtime":213},"loss":0.43699654936790466,"_timestamp":1.7325908527052088e+09}