{"loss": 0.27162984013557434, "_timestamp": 1731920353.054629, "_runtime": 931.8551971912384, "_step": 59, "_wandb": {"runtime": 989}}