{"_timestamp":1.734084145275723e+09,"_wandb":{"runtime":536},"_runtime":514.957471491,"_step":29,"loss":0.5210971236228943}