{"loss": 0.3652789890766144, "_timestamp": 1730278856.3667834, "_runtime": 89.2424533367157, "_step": 9, "_wandb": {"runtime": 104}}