{"_step":11,"loss":0.3211043179035187,"_wandb":{"runtime":228},"_timestamp":1.734665503910491e+09,"_runtime":208.36370258}