{"loss": 0.3629305362701416, "_timestamp": 1732510369.695728, "_runtime": 4902.731887102127, "_step": 59, "_wandb": {"runtime": 4960}}