{"loss": 0.3472709357738495, "_timestamp": 1730777120.1306942, "_runtime": 80.84689211845398, "_step": 9, "_wandb": {"runtime": 94}}