{"_step":11,"_wandb":{"runtime":1080},"loss":0.4571772813796997,"_timestamp":1.734534306737936e+09,"_runtime":1009.750223618}