{"loss": 0.34709280729293823, "_timestamp": 1730790222.4099324, "_runtime": 93.47598028182983, "_step": 9, "_wandb": {"runtime": 105}}