{"loss": 0.3535774052143097, "_timestamp": 1729221082.5509348, "_runtime": 89.27755188941956, "_step": 9, "_wandb": {"runtime": 103}}