{"_wandb":{"runtime":1057},"loss":0.37735259532928467,"_timestamp":1.734351748873069e+09,"_runtime":1027.103289078,"_step":39}