{"_wandb":{"runtime":1237},"loss":0.34726235270500183,"_timestamp":1.7345230017589755e+09,"_runtime":1203.214015022,"_step":39}