{"loss": 0.3547773063182831, "_timestamp": 1729218881.9248257, "_runtime": 88.59248375892639, "_step": 9, "_wandb": {"runtime": 103}}