{"_runtime":538.27467642,"_step":59,"loss":0.29768943786621094,"_wandb":{"runtime":570},"_timestamp":1.732782498379128e+09}