{"loss":0.3012073040008545,"_wandb":{"runtime":1192},"_timestamp":1.7327965337613811e+09,"_runtime":1124.309099343,"_step":59}