{"_timestamp":1.7328003018795848e+09,"_runtime":765.120904014,"_wandb":{"runtime":811},"_step":59,"loss":0.2536892592906952}