{"_wandb":{"runtime":4065},"loss":0.3433929979801178,"_timestamp":1.734407350165169e+09,"_runtime":3974.959361871,"_step":199}