{"_runtime":1105.659034868,"_step":11,"_wandb":{"runtime":1193},"loss":0.3465723693370819,"_timestamp":1.7345723026369746e+09}