{"_timestamp":1.7327790436815653e+09,"_runtime":537.276594538,"_step":59,"_wandb":{"runtime":568},"loss":0.2969192862510681}