{"loss":0.3214566707611084,"_timestamp":1.7328065385028298e+09,"_runtime":861.796775652,"_step":31,"_wandb":{"runtime":891}}