{"loss":0.34075191617012024,"_wandb":{"runtime":577},"_timestamp":1.732780605869685e+09,"_runtime":545.31798208,"_step":59}