{"loss": 0.43617144227027893, "_timestamp": 1732527671.291008, "_runtime": 322.8082308769226, "_step": 5, "_wandb": {"runtime": 359}}