{"_runtime":783.848336667,"_step":39,"_wandb":{"runtime":803},"loss":0.5261543989181519,"_timestamp":1.734316340096352e+09}