{"_runtime":160.309862535,"_step":11,"_wandb":{"runtime":181},"loss":0.39866653084754944,"_timestamp":1.7346807084007125e+09}