{"loss":0.36101824045181274,"_timestamp":1.7326804696288617e+09,"_runtime":1656.712039494,"_step":179,"_wandb":{"runtime":1688}}