{"loss": 0.3024914264678955, "_timestamp": 1731981866.6299891, "_runtime": 897.2130012512207, "_step": 59, "_wandb": {"runtime": 953}}