{"_step":11,"_wandb":{"runtime":499},"loss":0.30060747265815735,"_timestamp":1.7345300489648921e+09,"_runtime":459.469428769}