{"loss": 0.347197026014328, "_timestamp": 1730792713.0739381, "_runtime": 84.90298223495483, "_step": 9, "_wandb": {"runtime": 99}}