{"_wandb":{"runtime":140},"loss":0.3629779517650604,"_timestamp":1.734659315567797e+09,"_runtime":126.081173537,"_step":11}