{"_timestamp":1.7327800292120898e+09,"_runtime":153.823518844,"_step":11,"_wandb":{"runtime":167},"loss":0.4093051254749298}