{"_runtime":1240.265898013,"_step":39,"_wandb":{"runtime":1276},"loss":0.4628124535083771,"_timestamp":1.7345141004454875e+09}