{"_step":39,"loss":0.3522782623767853,"_wandb":{"runtime":1238},"_timestamp":1.734515409741916e+09,"_runtime":1203.591847783}