{"loss":0.3791370093822479,"_timestamp":1.7346601719571552e+09,"_wandb":{"runtime":184},"_runtime":169.113967896,"_step":11}