{"_step":11,"_wandb":{"runtime":402},"loss":0.3279160261154175,"_timestamp":1.7345730038980608e+09,"_runtime":365.384253961}