{"_step":11,"_wandb":{"runtime":217},"loss":0.4122314453125,"_timestamp":1.732587163990252e+09,"_runtime":200.041501048}