{"loss": 0.2824207544326782, "_timestamp": 1731902445.6069038, "_runtime": 230.09916377067566, "_step": 16}