{"loss":0.3090851902961731,"_timestamp":1.7326730904012108e+09,"_runtime":868.596934008,"_step":59,"_wandb":{"runtime":916}}