{"loss": 0.3401283025741577, "_timestamp": 1732091015.640831, "_runtime": 537.5244760513306, "_step": 35}