{"loss": 0.22702476382255554, "_timestamp": 1732091359.7352448, "_runtime": 881.6188898086548, "_step": 59, "_wandb": {"runtime": 938}}