{"loss":0.39026397466659546,"_timestamp":1.7325889485424056e+09,"_runtime":195.910136091,"_step":11,"_wandb":{"runtime":213}}