{"_runtime":538.932644168,"_wandb":{"runtime":570},"_step":59,"loss":0.27968379855155945,"_timestamp":1.7327784257783809e+09}