{"loss": 0.5732327699661255, "_timestamp": 1732437498.2121887, "_runtime": 219.26033663749695, "_step": 11, "_wandb": {"runtime": 239}}