{"_runtime":3807.184442109,"_step":199,"_wandb":{"runtime":3894},"loss":0.4378422796726227,"_timestamp":1.7344196898178961e+09}