{"_wandb":{"runtime":1006},"loss":0.42873287200927734,"_timestamp":1.7344032712927022e+09,"_runtime":976.681758785,"_step":39}