{"_timestamp":1.7345256104179451e+09,"_runtime":1105.24063512,"_step":39,"loss":0.47244247794151306,"_wandb":{"runtime":1133}}