{"_step":39,"loss":0.5102443695068359,"_timestamp":1.734340599353647e+09,"_runtime":1563.736737985,"_wandb":{"runtime":1589}}