{"loss":0.2913875877857208,"_timestamp":1.732804179152352e+09,"_wandb":{"runtime":183},"_runtime":168.464124703,"_step":11}