{"_step":39,"loss":0.49922874569892883,"_timestamp":1.7340860230460865e+09,"_wandb":{"runtime":859},"_runtime":836.4505824}