{"loss":0.30363526940345764,"_timestamp":1.7327844707024903e+09,"_runtime":1120.34241554,"_wandb":{"runtime":1192},"_step":59}