{"loss": 0.3696960210800171, "_timestamp": 1731554665.1599603, "_runtime": 759.2322173118591, "_step": 59, "_wandb": {"runtime": 803}}