{"loss":0.27931907773017883,"_timestamp":1.7343532499636083e+09,"_runtime":1067.836875678,"_step":39,"_wandb":{"runtime":1098}}