{"loss": 0.35053563117980957, "_timestamp": 1730276744.6897714, "_runtime": 92.51810932159424, "_step": 9, "_wandb": {"runtime": 106}}