{"_runtime":523.696895587,"_step":11,"loss":0.24245651066303253,"_timestamp":1.7346797703816817e+09,"_wandb":{"runtime":580}}