{"_runtime":206.002530216,"_step":11,"_wandb":{"runtime":223},"loss":0.3911112844944,"_timestamp":1.732589262629643e+09}