{"_runtime":393.730456701,"_step":59,"_wandb":{"runtime":419},"loss":0.2749721109867096,"_timestamp":1.732779481720181e+09}