{"_wandb":{"runtime":510},"loss":0.39340469241142273,"_timestamp":1.734519662960978e+09,"_runtime":495.328934824,"_step":39}