{"loss": 0.48679453134536743, "_timestamp": 1729218597.6766431, "_runtime": 43.40436506271362, "_step": 2, "_wandb": {"runtime": 33}}