{"loss": 0.3612784147262573, "_timestamp": 1731553485.4042063, "_runtime": 776.4561722278595, "_step": 59, "_wandb": {"runtime": 818}}