{"loss": 0.27480944991111755, "_timestamp": 1731637878.980735, "_runtime": 926.3566191196442, "_step": 59, "_wandb": {"runtime": 983}}