{"loss":0.37727779150009155,"_wandb":{"runtime":1050},"_timestamp":1.7325408527386954e+09,"_runtime":1033.793588518,"_step":11}