{"_wandb":{"runtime":900},"loss":0.2769981026649475,"_timestamp":1.7326784002127364e+09,"_runtime":853.862789366,"_step":59}