{"loss": 0.26365426182746887, "_timestamp": 1732101156.4419036, "_runtime": 876.160439491272, "_step": 59, "_wandb": {"runtime": 932}}