{"loss": 0.21008425951004028, "_timestamp": 1732503810.6872456, "_runtime": 1048.4013855457306, "_step": 11, "_wandb": {"runtime": 1103}}