{"loss":0.3938247263431549,"_timestamp":1.7344238725677447e+09,"_runtime":2539.938083533,"_wandb":{"runtime":2595},"_step":119}