{"_step":11,"loss":0.36688169836997986,"_wandb":{"runtime":155},"_timestamp":1.734577245716622e+09,"_runtime":139.951777847}