{"loss": 0.35662150382995605, "_timestamp": 1731923902.5763144, "_runtime": 912.360541343689, "_step": 59, "_wandb": {"runtime": 968}}