{"_wandb":{"runtime":559},"loss":0.28581565618515015,"_timestamp":1.7327818892250137e+09,"_runtime":528.633882848,"_step":59}