{"_wandb":{"runtime":4778},"loss":0.38487303256988525,"_timestamp":1.7344286108874435e+09,"_runtime":4676.017102221,"_step":199}