{"loss": 0.339925080537796, "_timestamp": 1731913738.5844378, "_runtime": 895.3369009494781, "_step": 59, "_wandb": {"runtime": 951}}